0hO6VSfTfH4iC0XolpXa0B,Drake,Jungle,373,5
0hO6VSfTfH4iC0XolpXa0B,Drake,Jungle,509,5
0hO6VSfTfH4iC0XolpXa0B,Drake,Jungle,120,5
0hO6VSfTfH4iC0XolpXa0B,Drake,Jungle,216,5
0hO6VSfTfH4iC0XolpXa0B,Drake,Jungle,132,5
0hO6VSfTfH4iC0XolpXa0B,Drake,Jungle,131,5
0hO6VSfTfH4iC0XolpXa0B,Drake,Jungle,53,5
0hO6VSfTfH4iC0XolpXa0B,Drake,Jungle,331,5
0hO6VSfTfH4iC0XolpXa0B,Drake,Jungle,503,5
0hO6VSfTfH4iC0XolpXa0B,Drake,Jungle,162,5
5AwYKIFP390CdH7XAS4k8z,070 Shake,Web,1,1
5AwYKIFP390CdH7XAS4k8z,070 Shake,Web,2,1
5AwYKIFP390CdH7XAS4k8z,070 Shake,Web,3,1
5AwYKIFP390CdH7XAS4k8z,070 Shake,Web,4,1
5AwYKIFP390CdH7XAS4k8z,070 Shake,Web,5,1
5AwYKIFP390CdH7XAS4k8z,070 Shake,Web,6,1
3XVBdLihbNbxUwZosxcGuJ,Alicia Keys,If I Ain't Got You,428,3
3XVBdLihbNbxUwZosxcGuJ,Alicia Keys,If I Ain't Got You,203,2
3XVBdLihbNbxUwZosxcGuJ,Alicia Keys,If I Ain't Got You,75,2
1ThmUihH9dF8EV08ku5AXN,Ski Mask The Slump God,Faucet Failure,428,1
1ThmUihH9dF8EV08ku5AXN,Ski Mask The Slump God,Faucet Failure,142,1